{
  "initial_capital": 10000.0,
  "final_equity": 11992.80241794253,
  "total_return_pct": 19.928024179425304,
  "total_trades": 13,
  "winning_trades": 6,
  "losing_trades": 7,
  "win_rate": 46.15384615384615,
  "max_drawdown": 2028.2788040570467,
  "max_drawdown_pct": 16.657923164588233,
  "total_pnl": 1992.8024179425302,
  "avg_win": 844.3128265553742,
  "avg_loss": -420.2862146038442,
  "profit_factor": 1.7219139798772158,
  "sharpe_ratio": 0.5614658903804125,
  "avg_bars_held": 20.692307692307693
}